..       3D analytic, continuous injection, 4 species chain decay               
..       Sun, Peterson, Clement (1999) J. Cont. Hyd., Example 6.3               
     Flow Rates	(kg/d)
     Time	Zone	Component	Total in	Total out	Internal face in	Internal face out	Xm in	Xm out	Xp in	Xp out	Ym in	Ym out	Yp in	Yp out	Zm in	Zm out	Zp in	Zp out	Specified head in	Specified head out	Flux in	Flux out	Leaky in	Leaky out	River in	River out	Drain in	Drain out	Well in	Well out
   0.00000    	 11	Water	  5125.000    	  5125.000    	  5125.000    	  0.000000    	  0.000000    	  5125.000    	  0.000000    	  0.000000    	  0.000000    	  0.000000    	  0.000000    	  0.000000    	  0.000000    	  0.000000    	  0.000000    	  0.000000    	
   40.0000    	 11	Water	  5125.000    	  5125.000    	  5125.000    	  0.000000    	  5125.000    	  0.000000    	  0.000000    	  0.000000    	  0.000000    	  0.000000    	  0.000000    	  0.000000    	  0.000000    	  0.000000    	  0.000000    	  0.000000    	  0.000000    	  5125.000    	  0.000000    	  0.000000    	  0.000000    	  0.000000    	  0.000000    	  0.000000    	  0.000000    	  0.000000    	  0.000000    	  0.000000    	
   40.0000    	 11	[A]                           	 5.3423104E-10	 7.4784764E-19	 5.3423104E-10	 1.5203142E-24	 5.3423104E-10	 1.5203142E-24	  0.000000    	  0.000000    	  0.000000    	  0.000000    	  0.000000    	  0.000000    	  0.000000    	  0.000000    	  0.000000    	  0.000000    	  0.000000    	 7.4784612E-19	  0.000000    	  0.000000    	  0.000000    	  0.000000    	  0.000000    	  0.000000    	  0.000000    	  0.000000    	  0.000000    	  0.000000    	
