 x	y	z_datum	Time	Well_no	H         	O         	As        	C         	Ca        	Cl        	Mg        	Na        	S         	Charge    	pH	Alkalinity	
   1.2000000E+04	  3.6000000E+04	  1.1000000E+02	  2.0000000E+03	  1	  3.7988279E-03	  3.0508684E-02	  9.8303771E-09	  4.0136073E-03	  4.5752859E-01	  6.5289371E+00	  1.5830166E-01	  5.3103714E+00	  4.6488401E-03	 -2.6750515E-09	  5.7193416E+00	  3.7970526E-03	
   1.2000000E+04	  3.6000000E+04	  1.1000000E+02	  4.0000000E+03	  1	  4.0606358E-03	  3.0678043E-02	  1.0328881E-08	  4.3144603E-03	  4.3759851E-01	  6.2820273E+00	  1.5453055E-01	  5.1107301E+00	  4.4789853E-03	 -2.5556524E-09	  5.6573524E+00	  4.0029613E-03	
   1.2000000E+04	  3.6000000E+04	  1.1000000E+02	  6.0000000E+03	  1	  4.6958553E-03	  3.1415172E-02	  1.1030242E-08	  4.9280507E-03	  4.0796120E-01	  5.9132751E+00	  1.4834177E-01	  4.8135088E+00	  4.2233966E-03	 -2.3666852E-09	  5.5703947E+00	  4.3928614E-03	
   1.2000000E+04	  3.6000000E+04	  1.1000000E+02	  8.0000000E+03	  1	  5.8467425E-03	  3.3001376E-02	  1.1984233E-08	  5.9064880E-03	  3.7131226E-01	  5.4547995E+00	  1.4012038E-01	  4.4447458E+00	  3.9045262E-03	 -2.1296848E-09	  5.5308045E+00	  5.0024644E-03	
   1.2000000E+04	  3.6000000E+04	  1.1000000E+02	  1.0000000E+04	  1	  7.6577518E-03	  3.5721119E-02	  1.3013818E-08	  7.3036968E-03	  3.3093039E-01	  4.9439860E+00	  1.3032581E-01	  4.0344025E+00	  3.5491056E-03	 -1.8703020E-09	  5.5290874E+00	  5.8306562E-03	
