 x	y	z_datum	Time	Well_no	H         	O         	As        	C         	Ca        	Cl        	Mg        	Na        	S         	Charge    	pH	Alkalinity	
   1.2000000e+04	  3.6000000e+04	  1.1000000e+02	  2.0000000e+03	  1	  3.7988279e-03	  3.0508684e-02	  9.8303772e-09	  4.0136073e-03	  4.5752859e-01	  6.5289372e+00	  1.5830166e-01	  5.3103714e+00	  4.6488401e-03	 -2.7178713e-09	  5.7193416e+00	  3.7970527e-03	
   1.2000000e+04	  3.6000000e+04	  1.1000000e+02	  4.0000000e+03	  1	  4.0606358e-03	  3.0678043e-02	  1.0328881e-08	  4.3144603e-03	  4.3759852e-01	  6.2820273e+00	  1.5453055e-01	  5.1107301e+00	  4.4789853e-03	 -2.5965614e-09	  5.6573524e+00	  4.0029613e-03	
   1.2000000e+04	  3.6000000e+04	  1.1000000e+02	  6.0000000e+03	  1	  4.6958553e-03	  3.1415172e-02	  1.1030242e-08	  4.9280507e-03	  4.0796121e-01	  5.9132751e+00	  1.4834177e-01	  4.8135089e+00	  4.2233966e-03	 -2.4045708e-09	  5.5703947e+00	  4.3928614e-03	
   1.2000000e+04	  3.6000000e+04	  1.1000000e+02	  8.0000000e+03	  1	  5.8467425e-03	  3.3001377e-02	  1.1984233e-08	  5.9064880e-03	  3.7131227e-01	  5.4547996e+00	  1.4012039e-01	  4.4447459e+00	  3.9045263e-03	 -2.1637756e-09	  5.5308045e+00	  5.0024644e-03	
   1.2000000e+04	  3.6000000e+04	  1.1000000e+02	  1.0000000e+04	  1	  7.6577517e-03	  3.5721119e-02	  1.3013818e-08	  7.3036968e-03	  3.3093040e-01	  4.9439861e+00	  1.3032581e-01	  4.0344026e+00	  3.5491057e-03	 -1.9002404e-09	  5.5290873e+00	  5.8306562e-03	
