 x	y	z_datum	Time	Well_no	H         	O         	As        	C         	Ca        	Cl        	Mg        	Na        	S         	Charge    	pH	Alkalinity	
   1.2000000e+04	  3.6000000e+04	  1.1000000e+02	  2.0000000e+03	  1	  6.9692409e-03	  2.8217260e-02	  5.7651176e-07	  9.3033928e-03	  8.6002663e-05	  2.2491978e-03	  6.1436355e-05	  1.2854072e-02	  2.3649624e-04	  9.4461959e-04	  8.5061192e+00	  9.4817388e-03	
   1.2000000e+04	  3.6000000e+04	  1.1000000e+02	  4.0000000e+03	  1	  6.8746087e-03	  2.7971457e-02	  6.3489342e-07	  9.2214404e-03	  8.4125476e-05	  1.9845930e-03	  6.0072467e-05	  1.2431527e-02	  2.3631735e-04	  8.4860875e-04	  8.5322050e+00	  9.4136258e-03	
   1.2000000e+04	  3.6000000e+04	  1.1000000e+02	  6.0000000e+03	  1	  6.7885678e-03	  2.7748495e-02	  6.9447882e-07	  9.1470903e-03	  8.2663156e-05	  1.7541090e-03	  5.9010483e-05	  1.2056940e-02	  2.3616153e-04	  7.6132782e-04	  8.5558455e+00	  9.3520069e-03	
   1.2000000e+04	  3.6000000e+04	  1.1000000e+02	  8.0000000e+03	  1	  6.7102255e-03	  2.7545842e-02	  7.5462141e-07	  9.0795008e-03	  8.1553304e-05	  1.5531657e-03	  5.8205215e-05	  1.1724255e-02	  2.3602568e-04	  6.8186834e-04	  8.5772281e+00	  9.2961052e-03	
   1.2000000e+04	  3.6000000e+04	  1.1000000e+02	  1.0000000e+04	  1	  6.6388029e-03	  2.7361287e-02	  8.1468703e-07	  9.0179370e-03	  8.0744229e-05	  1.3778288e-03	  5.7619184e-05	  1.1428237e-02	  2.3590714e-04	  6.0943762e-04	  8.5965278e+00	  9.2452415e-03	
